Workbook

Sheet ملخص تنفيذي
A1: تحليل شامل لنظام Open edX — حصر الميزات والمعايير عبر طبقات الحسابات
A2: النطاق: Open edX مفتوح المصدر (أحدث إصدار Verawood يونيو 2026، يسبقه Ulmo يناير 2026). منصّة edX.org التجارية تستخدم نفس النواة مع طبقة تسويق منفصلة (Drupal) لتحسين SEO.
A4: نبذة
A5: Open edX منصّة تعلّم إلكتروني (MOOC) مفتوحة المصدر بالكامل، خادمها بلغة Python على إطار Django، وواجهاتها الحديثة تطبيقات React مستقلّة النشر (MFEs). تتألّف من: نظام إدارة التعلّم LMS (للمتعلّم)، واستوديو التأليف Studio/CMS (للمؤلّف)، ولوحة المعلّم داخل الـ LMS، وطبقة الإدارة (Django Admin + خدمات IDA). تُبنى المقررات من مكوّنات قابلة للتوسعة تُسمّى XBlocks، وتُمثَّل بصيغة OLX. تُنشر رسمياً عبر أداة Tutor (حاويات Docker).
A6: لوحة المؤشّرات (محسوبة آلياً من أوراق الحصر)
A7: الطبقة | B7: عدد الميزات المحصورة | C7: متوسط الأهمية | D7: متوسط النضج | E7: المرجع
A8: واجهة الطالب | B8: =COUNTA('واجهة الطالب'!B5:B36) -> 32 | C8: =AVERAGE('واجهة الطالب'!G5:G36) -> 3.84375 | D8: =AVERAGE('واجهة الطالب'!H5:H36) -> 4.375 | E8: ورقة: واجهة الطالب
A9: واجهة المؤلّف (Studio) | B9: =COUNTA('واجهة المؤلف (Studio)'!B5:B32) -> 28 | C9: =AVERAGE('واجهة المؤلف (Studio)'!G5:G32) -> 3.8214286 | D9: =AVERAGE('واجهة المؤلف (Studio)'!H5:H32) -> 4.4285714 | E9: ورقة: واجهة المؤلّف (Studio)
A10: لوحة المعلّم | B10: =COUNTA('لوحة المعلم'!B5:B20) -> 16 | C10: =AVERAGE('لوحة المعلم'!G5:G20) -> 4.0625 | D10: =AVERAGE('لوحة المعلم'!H5:H20) -> 4.25 | E10: ورقة: لوحة المعلّم
A11: الإدارة والتشغيل | B11: =COUNTA('الإدارة والتشغيل'!B5:B25) -> 21 | C11: =AVERAGE('الإدارة والتشغيل'!G5:G25) -> 3.8095238 | D11: =AVERAGE('الإدارة والتشغيل'!H5:H25) -> 4.2857143 | E11: ورقة: الإدارة والتشغيل
A12: الإجمالي / المتوسط العام | B12: =SUM(B8:B11) -> 97 | C12: =AVERAGE(C8:C11) -> 3.8843006 | D12: =AVERAGE(D8:D11) -> 4.3348214
A14: أبرز نقاط القوة
A15: • معمارية حديثة مفتوحة وقابلة للتوسعة: MFEs (React) + خدمات IDA + إطار XBlock + أحداث/مرشّحات للتوسعة دون تعديل النواة.
A16: • توافق قوي مع معايير التكامل: LTI 1.3 / LTI Advantage (شهادة Complete في Ulmo)، SCORM، xAPI، IMS Caliper.
A17: • استوديو تأليف مدمج غنيّ مع مكتبات محتوى قابلة لإعادة الاستخدام (v2 هيكلية) وتحليلات سياقية.
A18: • إمكانية وصول ملتزمة بـ WCAG 2.2 AA عبر نظام تصميم Paragon، وتدويل قوي (Atlas) ودعم RTL.
A19: • تحليلات تعلّم متقدّمة عبر Aspects (ClickHouse + Superset) ولوحات قابلة للدمج.
A21: أبرز الفجوات (مهمّة لمنصّتك)
A22: • SEO هو أضعف الجوانب: التصيير من العميل (CSR) في الـ MFEs يضعف الفهرسة، وغياب schema.org من النواة، ولا sitemap تلقائي للكتالوج. (عُولج جزئياً بصفحات المقرر الجديدة وCatalog MFE في 2026).
A23: • تعدّد المستأجرين وتخصيص الثيم يتطلّبان إعادة بناء الحاويات وقد يكونان مكلفين على نطاق واسع.
A24: • دعم RTL والعربية مدعوم لكنه يحتاج ضبطاً وثيماً لتجربة عربية متقنة (خط افتراضي/مواضع/اتجاه).
A25: • QTI وCommon Cartridge غير مدعومين أصلاً (الاعتماد على OLX)؛ وSCORM ليس نواةً بل XBlock يُثبَّت.
A26: • منحنى تعلّم أعلى للمؤلّف والمشغّل مقارنة بمنصّات أبسط.
... A29: مقياس الأهمية والنضج والتقييم من 1 (ضعيف/منخفض) إلى 5 (ممتاز/عالٍ). الأرقام تقديرات اجتهادية مبنية على إصدارات 2026، وهي مدخلات قابلة للتعديل. التلوين التدرّجي: أحمر (1) ← أصفر (3) ← أخضر (5).

Sheet المعمارية التقنية
A1: المعمارية والمنظومة التقنية لـ Open edX
A2: بنية: مونوليث معياري (Django/Python) + تطبيقات مستقلّة النشر IDAs + واجهات React (MFEs). كل المكوّنات مفتوحة المصدر.
A4: المكوّن | B4: النوع | C4: التقنية | D4: الوصف الوظيفي | E4: الطبقة المخدومة | F4: ملاحظات
A5: edx-platform (LMS) | B5: خدمة مركزية | C5: Python / Django | D5: خدمة تقديم التعلّم وتشغيل المقررات للمتعلّمين | E5: الطالب/المعلّم | F5: قلب المنصة (Modular Monolith)
A6: edx-platform (CMS/Studio) | B6: خدمة مركزية | C6: Python / Django | D6: بيئة تأليف المقررات | E6: المؤلّف | F6: يكتب إلى نفس قاعدة المحتوى
A7: MFEs (frontend-app-*) | B7: واجهات أمامية | C7: React / JavaScript | D7: تطبيقات صغيرة مستقلّة النشر تقدّم معظم الواجهات الحديثة | E7: كل الطبقات | F7: نشر آمن وسريع مستقل
A8: frontend-platform | B8: إطار MFE | C8: JavaScript | D8: خدمات أساسية: المصادقة، السجلّات، التحليلات، i18n | E8: تقني | F8: مشترك بين كل الـ MFEs
A9: Paragon | B9: نظام تصميم | C9: React / SCSS (Bootstrap) | D9: مكتبة مكوّنات React متاحة الوصول + أساس SCSS + Design Tokens | E9: التصميم | F9: مرجع الاتساق البصري
A10: @openedx/brand (Indigo) | B10: حزمة هوية | C10: SCSS | D10: تخصيص الألوان والشعارات والثيم | E10: التصميم | F10: ثيم Indigo مبني عليها
A11: Module Federation + Slots | B11: تركيب الواجهات | C11: Webpack / JS | D11: مشاركة الاعتماديات وحقن مكوّنات مخصّصة في مناطق محدّدة | E11: تقني | F11: OEP-65 + Slots (Sumac)
A12: course-discovery | B12: IDA | C12: Python / Django | D12: مصدر موحّد لبيانات المقررات/البرامج/الكتالوجات والبحث | E12: الإدارة/الاكتشاف | F12: API داخلي وخارجي
A13: ecommerce / commerce | B13: IDA | C13: Python / Django | D13: التجارة الإلكترونية والكوبونات | E13: الإدارة | F13: يُستبدل تدريجياً
A14: credentials | B14: IDA | C14: Python / Django | D14: إصدار الشهادات وسجلات الإنجاز | E14: الإدارة/الطالب | F14: يدعم البرامج
A15: cs_comments_service (forum) | B15: خدمة | C15: Ruby / MongoDB | D15: خدمة منتديات النقاش | E15: الطالب | F15: backend للنقاش
... A28: Tutor | B28: أداة النشر | C28: Docker / Python | D28: النشر بالحاويات وترقية الإصدارات | E28: الإدارة/تقني | F28: الطريقة الرسمية للنشر

Sheet واجهة الطالب
A1: واجهة الطالب — حصر ميزات طبقة المتعلّم في Open edX
A2: النطاق: Open edX مفتوح المصدر (إصدار Ulmo يناير 2026 / Verawood يونيو 2026). المكوّنات بصيغتها الأصلية. الأهمية والنضج تقديرات اجتهادية قابلة للتعديل (1=ضعيف، 5=ممتاز).
A4: # | B4: الميزة | C4: المجموعة | D4: الوصف | E4: المكوّن التقني | F4: معيار/مرجع مرتبط | G4: الأهمية (1-5) | H4: النضج في Open edX (1-5)
A5: 1 | B5: التسجيل وإنشاء الحساب | C5: التسجيل والوصول | D5: تسجيل بالبريد/اسم المستخدم مع تفعيل الحساب | E5: LMS (registration) | F5: — | G5: 5 | H5: 5
A6: 2 | B6: الدخول الموحّد SSO | C6: التسجيل والوصول | D6: دعم SAML 2.0 وOAuth2/OIDC (Google/Microsoft/Apple/LinkedIn) | E6: third_party_auth | F6: SAML 2.0 / OAuth2 | G6: 4 | H6: 5
A7: 3 | B7: اكتشاف المقررات والكتالوج | C7: التسجيل والوصول | D7: تصفّح وبحث الكتالوج وصفحات تعريف المقرر | E7: course-discovery / Catalog MFE | F7: — | G7: 5 | H7: 3
A8: 4 | B8: التسجيل وأنماط المسار | C8: التسجيل والوصول | D8: تسجيل ذاتي/مُدار وأنماط (audit/verified/honor) | E8: LMS (course_modes) | F8: — | G8: 5 | H8: 4
A9: 5 | B9: المتطلّبات السابقة | C9: التسجيل والوصول | D9: اشتراط إكمال جزء قبل آخر + امتحان دخول | E9: LMS (milestones) | F9: — | G9: 3 | H9: 4
A10: 6 | B10: لوحة المتعلّم Dashboard | C10: لوحة المتعلّم | D10: قائمة المقررات والبرامج مع فلاتر وحالات وترتيب | E10: Learner Home MFE | F10: — | G10: 5 | H10: 5
A11: 7 | B11: صفحة البرامج | C11: لوحة المتعلّم | D11: عرض البرامج (MicroMasters/XSeries) المسجّل بها | E11: Learner Home MFE | F11: — | G11: 3 | H11: 4
A12: 8 | B12: مخطط المقرر Outline | C12: مشغّل المقرر | D12: تنقّل هرمي مع تقدير الجهد لكل قسم | E12: Learning MFE | F12: — | G12: 5 | H12: 5
A13: 9 | B13: مشغّل المحتوى المتسلسل | C13: مشغّل المقرر | D13: عرض الوحدات والتنقّل السابق/التالي وشريط الحالة | E13: Learning MFE | F13: — | G13: 5 | H13: 5
A14: 10 | B14: مشغّل الفيديو | C14: مشغّل المقرر | D14: تحكّم بالسرعة/الجودة/الترجمة/التنزيل + تتبّع المشاهدة | E14: video XBlock | F14: WCAG 2.2 AA | G14: 5 | H14: 5
A15: 11 | B15: النصوص والترجمات التفاعلية | C15: مشغّل المقرر | D15: نصوص متزامنة قابلة للبحث والنقر للانتقال | E15: video XBlock | F15: — | G15: 4 | H15: 5
A16: 12 | B16: تعليم الإكمال Completion | C16: التتبّع والإنجاز | D16: مؤشّر إكمال تلقائي/يدوي للوحدات | E16: completion | F16: — | G16: 4 | H16: 5
... A36: 32 | B36: احتفالات التقدّم Streaks | C36: التتبّع والإنجاز | D36: تحفيز بصري عند بلوغ معالم الإنجاز | E36: Learning MFE | F36: — | G36: 2 | H36: 4
A38: عدد الميزات / متوسط الأهمية / متوسط النضج | B38: =COUNTA(B5:B36) -> 32 | G38: =AVERAGE(G5:G36) -> 3.84375 | H38: =AVERAGE(H5:H36) -> 4.375

Sheet واجهة المؤلف (Studio)
A1: واجهة المؤلّف — حصر ميزات استوديو التأليف (Studio / CMS)
A2: بيئة التأليف المدمجة مع كل إصدار. تكتب إلى نفس قاعدة المحتوى التي يقرأها الـ LMS.
A4: # | B4: الميزة | C4: المجموعة | D4: الوصف | E4: المكوّن التقني | F4: معيار/مرجع مرتبط | G4: الأهمية (1-5) | H4: النضج في Open edX (1-5)
A5: 1 | B5: إنشاء مقرر جديد | C5: الإعداد | D5: إنشاء مقرر بمعرّف org/number/run | E5: Studio (CMS) | F5: — | G5: 5 | H5: 5
A6: 2 | B6: مخطط المقرر Outline | C6: البناء | D6: أقسام/أقسام فرعية/وحدات بالسحب والإفلات | E6: Studio | F6: — | G6: 5 | H6: 5
A7: 3 | B7: حالات النشر الخمس | C7: البناء | D7: مسودة/منشور/معدّل/مجدول/مخفي للتحكّم بالظهور | E7: Studio | F7: — | G7: 4 | H7: 5
A8: 4 | B8: تواريخ الإصدار والظهور | C8: البناء | D8: جدولة الإصدار والرؤية لكل قسم/وحدة | E8: Studio | F8: — | G8: 5 | H8: 5
A9: 5 | B9: النشر التدريجي | C9: البناء | D9: إصدار المحتوى على دفعات أثناء التشغيل | E9: Studio | F9: — | G9: 4 | H9: 5
A10: 6 | B10: مكوّنات الوحدة | C10: البناء | D10: إضافة/تحرير/إخفاء/نسخ/نقل المكوّنات | E10: Studio | F10: — | G10: 5 | H10: 5
A11: 7 | B11: محرّر المسائل البسيط | C11: التأليف | D11: محرّر مرئي لأنواع المسائل الشائعة | E11: capa (problem) | F11: — | G11: 5 | H11: 5
A12: 8 | B12: محرّر XML المتقدّم | C12: التأليف | D12: تحرير OLX مباشرة للمسائل المعقّدة | E12: capa / OLX | F12: OLX | G12: 4 | H12: 4
A13: 9 | B13: محرّر النص/HTML | C13: التأليف | D13: محرّر نصوص غني (WYSIWYG) | E13: html XBlock | F13: — | G13: 5 | H13: 5
A14: 10 | B14: رفع الفيديو والنصوص | C14: التأليف | D14: رفع الفيديوهات وإدارة الترجمات/النصوص | E14: video pipeline | F14: — | G14: 5 | H14: 4
A15: 11 | B15: سياسة الدرجات | C15: التقييم | D15: أنواع الواجبات وأوزانها وعتبات النجاح | E15: Studio (grading) | F15: — | G15: 5 | H15: 5
A16: 12 | B16: الإعدادات المتقدّمة | C16: الإعداد | D16: تهيئة JSON لخصائص متقدّمة للمقرر | E16: Studio (advanced settings) | F16: — | G16: 3 | H16: 4
... A32: 28 | B32: المعاينة كطالب | C32: البناء | D32: معاينة المحتوى كما يراه المتعلّم + معاينة الفئات | E32: Studio (preview) | F32: — | G32: 4 | H32: 5
A34: عدد الميزات / متوسط الأهمية / متوسط النضج | B34: =COUNTA(B5:B32) -> 28 | G34: =AVERAGE(G5:G32) -> 3.8214286 | H34: =AVERAGE(H5:H32) -> 4.4285714

Sheet لوحة المعلم
A1: لوحة المعلّم — حصر ميزات Instructor Dashboard داخل الـ LMS
A2: أدوات إدارة المقرر الحيّ: العضوية، المجموعات، الدرجات، البيانات، التواصل، التحليلات.
A4: # | B4: الميزة | C4: المجموعة | D4: الوصف | E4: المكوّن التقني | F4: معيار/مرجع مرتبط | G4: الأهمية (1-5) | H4: النضج في Open edX (1-5)
A5: 1 | B5: معلومات المقرر | C5: عام | D5: ملخّص (المسجّلون، التواريخ، الأقسام، العتبات) | E5: Instructor Dashboard | F5: — | G5: 4 | H5: 5
A6: 2 | B6: العضوية والتسجيل | C6: الإدارة | D6: تسجيل/إلغاء + دعوة بالبريد + رفع CSV | E6: Instructor Dashboard | F6: — | G6: 5 | H6: 5
A7: 3 | B7: إسناد الأدوار | C7: الإدارة | D7: Staff/Admin/Beta/Discussion/Data Researcher | E7: Instructor Dashboard | F7: RBAC | G7: 5 | H7: 5
A8: 4 | B8: المجموعات Cohorts | C8: الإدارة | D8: تقسيم المتعلّمين + محتوى مخصّص + رفع CSV | E8: cohorts | F8: — | G8: 4 | H8: 4
A9: 5 | B9: تمديد المواعيد Extensions | C9: الإدارة | D9: تمديد آجال التسليم لمتعلّم/قسم | E9: Instructor Dashboard | F9: — | G9: 3 | H9: 4
A10: 6 | B10: إدارة المتعلّم Student Admin | C10: الدرجات | D10: عرض/إعادة/تجاوز درجات فرد أو الكل | E10: Instructor Dashboard | F10: — | G10: 5 | H10: 5
A11: 7 | B11: سجلّ الدرجات Gradebook | C11: الدرجات | D11: عرض وتحرير الدرجات (Gradebook MFE) | E11: Gradebook MFE | F11: — | G11: 5 | H11: 4
A12: 8 | B12: تنزيل البيانات والتقارير | C12: البيانات | D12: تقارير CSV (ملفّات/درجات/ORA/مجهولة/تدخّلات) | E12: Instructor Dashboard | F12: — | G12: 5 | H12: 5
A13: 9 | B13: البريد الجماعي Bulk Email | C13: التواصل | D13: رسائل لكل/فئة من المتعلّمين | E13: bulk_email | F13: — | G13: 4 | H13: 4
A14: 10 | B14: التحليلات Analytics/Insights | C14: التحليلات | D14: توزيعات ديموغرافية ونشاط أسبوعي ولوحات Aspects | E14: Insights / Aspects | F14: Caliper | G14: 4 | H14: 3
A15: 11 | B15: إدارة ORA | C15: التقييم | D15: تصحيح الطاقم ومقاييس التقييم مفتوح الاستجابة | E15: ORA MFE | F15: — | G15: 4 | H15: 4
A16: 12 | B16: الامتحانات الخاصة والمراقبة | C16: التقييم | D16: إدارة الامتحانات المؤقّتة/المراقَبة | E16: edx-proctoring | F16: — | G16: 4 | H16: 4
... A20: 16 | B20: الإعلانات وتحديثات المقرر | C20: التواصل | D20: تحديثات المقرر الظاهرة للمتعلّمين | E20: LMS | F20: — | G20: 3 | H20: 4
A22: عدد الميزات / متوسط الأهمية / متوسط النضج | B22: =COUNTA(B5:B20) -> 16 | G22: =AVERAGE(G5:G20) -> 4.0625 | H22: =AVERAGE(H5:H20) -> 4.25

Sheet الإدارة والتشغيل
A1: الإدارة والتشغيل — حصر ميزات طبقة المشرف/المشغّل
A2: Django Admin + خدمات IDA + التحليلات + الأمان والصلاحيات + النشر.
A4: # | B4: الميزة | C4: المجموعة | D4: الوصف | E4: المكوّن التقني | F4: معيار/مرجع مرتبط | G4: الأهمية (1-5) | H4: النضج في Open edX (1-5)
A5: 1 | B5: وحدة Django الإدارية | C5: الإدارة | D5: إدارة النماذج وسجلات الموقع والإعدادات | E5: Django Admin | F5: — | G5: 5 | H5: 5
A6: 2 | B6: إدارة المستخدمين والصلاحيات | C6: الأمان | D6: مستخدمون/مجموعات/أذونات على مستوى النموذج | E6: Django auth | F6: RBAC | G6: 5 | H6: 5
A7: 3 | B7: الأدوار العامة Global Staff/Superuser | C7: الأمان | D7: أدوار نظامية عالية الصلاحية تُمرّر في JWT | E7: edx-rbac | F7: — | G7: 4 | H7: 5
A8: 4 | B8: أدوار المقرر/المؤسسة | C8: الأمان | D8: student_courseaccessrole (مقرر/منظمة/نظام) | E8: RBAC | F8: — | G8: 5 | H8: 5
A9: 5 | B9: اعتماد منشئي المقررات | C9: الإدارة | D9: طلب/اعتماد صلاحية إنشاء المقررات | E9: Studio / Django | F9: — | G9: 3 | H9: 4
A10: 6 | B10: تعدّد المستأجرين Multi-tenant | C10: التشغيل | D10: مواقع/منظمات متعددة (Site Configuration) | E10: site_configuration | F10: — | G10: 4 | H10: 3
A11: 7 | B11: تهيئة الموقع والهوية | C11: التصميم | D11: إعدادات الموقع والثيم والشعارات لكل مستأجر | E11: site_configuration / brand | F11: — | G11: 4 | H11: 3
A12: 8 | B12: أنماط التسجيل والأسعار | C12: التجارة | D12: تهيئة course modes والكوبونات والمدفوعات | E12: ecommerce / commerce | F12: — | G12: 4 | H12: 4
A13: 9 | B13: خدمة اكتشاف المقررات | C13: الاكتشاف | D13: كتالوجات وبرامج وبحث موحّد + API خارجي | E13: course-discovery | F13: — | G13: 4 | H13: 4
A14: 10 | B14: إدارة البرامج والاعتمادات | C14: الإنجاز | D14: برامج (MicroMasters/XSeries) وإصدار الاعتمادات | E14: credentials / discovery | F14: — | G14: 3 | H14: 4
A15: 11 | B15: قوالب الشهادات HTML | C15: الإنجاز | D15: تحرير/إنشاء قوالب الشهادات من Django | E15: Django Admin | F15: — | G15: 3 | H15: 4
A16: 12 | B16: مفاتيح الميزات Waffle Flags | C16: التشغيل | D16: تفعيل/إيقاف ميزات لكل موقع/مقرر | E16: waffle | F16: — | G16: 4 | H16: 5
... A25: 21 | B25: سجلّات الأحداث والتدقيق | C25: الأمان | D25: تتبّع الأحداث وسجلّات الموقع | E25: tracking logs | F25: — | G25: 3 | H25: 4
A27: عدد الميزات / متوسط الأهمية / متوسط النضج | B27: =COUNTA(B5:B25) -> 21 | G27: =AVERAGE(G5:G25) -> 3.8095238 | H27: =AVERAGE(H5:H25) -> 4.2857143

Sheet الأسئلة والمكونات
A1: أنواع الأسئلة والمكوّنات (XBlocks / Problem Types)
A2: المكوّنات الأساسية مدمجة؛ المتقدّمة تُفعّل عبر Advanced Modules أو تُثبّت كـ XBlocks. النظام قابل للتوسعة ببناء XBlocks مخصّصة.
A4: # | B4: المكوّن / نوع السؤال | C4: الفئة | D4: الوصف | E4: تقييم تلقائي؟ | F4: درجات جزئية؟ | G4: متوافق جوال؟ | H4: ملاحظات
A5: 1 | B5: اختيار من متعدّد Multiple Choice | C5: أساسي | D5: اختيار إجابة واحدة من قائمة | E5: نعم | F5: نعم | G5: نعم | H5: capa
A6: 2 | B6: صناديق اختيار Checkboxes | C6: أساسي | D6: اختيار واحد أو أكثر | E6: نعم | F6: نعم | G6: نعم | H6: Multi-select
A7: 3 | B7: قائمة منسدلة Dropdown | C7: أساسي | D7: اختيار من قائمة منسدلة | E7: نعم | F7: لا | G7: نعم | H7: —
A8: 4 | B8: إدخال نصّي Text Input | C8: أساسي | D8: مطابقة نص/أنماط regex | E8: نعم | F8: لا | G8: نعم | H8: —
A9: 5 | B9: إدخال رقمي Numerical | C9: أساسي | D9: أرقام/كسور/ثوابت + تحمّل خطأ | E9: نعم | F9: نعم | G9: نعم | H9: —
A10: 6 | B10: تعبير رياضي Math Expression | C10: أساسي | D10: معادلات رمزية | E10: نعم | F10: لا | G10: نعم | H10: MathJax
A11: 7 | B11: السحب والإفلات v2 | C11: أساسي/متقدّم | D11: وضع عناصر على مناطق صورة (قياسي/تقييمي) | E11: نعم | F11: نعم | G11: نعم | H11: متاح الوصول
A12: 8 | B12: كتابة LaTeX | C12: متقدّم | D12: مسائل مكتوبة بـ LaTeX | E12: نعم | F12: لا | G12: جزئي | H12: —
A13: 9 | B13: الدائرة الكهربائية Circuit | C13: متقدّم | D13: رسم وتقييم دوائر كهربائية | E13: نعم | F13: لا | G13: لا | H13: —
A14: 10 | B14: معادلة كيميائية Chemical | C14: متقدّم | D14: إدخال معادلات كيميائية | E14: نعم | F14: نعم | G14: جزئي | H14: —
A15: 11 | B15: JavaScript مخصّص JSInput | C15: متقدّم | D15: مسائل بواجهة JS مخصّصة | E15: نعم | F15: نعم | G15: جزئي | H15: —
A16: 12 | B16: مصحّح خارجي External Grader | C16: متقدّم | D16: تصحيح كود برمجي عبر خدمة خارجية | E16: نعم | F16: نعم | G16: جزئي | H16: codejail / xqueue
... A26: 22 | B26: مكوّنات محتوى مضمّنة | C26: متقدّم | D26: Google Docs/Drive، نقاش مضمّن، صورة/فيديو/iframe | E26: لا | F26: لا | G26: نعم | H26: مفعّل افتراضياً (Teak+)

Sheet التصميم وتجربة الاستخدام
A1: التصميم والجماليات وتجربة الاستخدام
A2: تقييم البُعد البصري والوصولي والتجريبي. التقييم تقديري (1-5).
A4: البُعد | B4: التفاصيل في Open edX | C4: التقييم (1-5) | D4: معيار/أداة القياس | E4: ملاحظات
A5: نظام التصميم | B5: Paragon: مكوّنات React متاحة الوصول + أساس SCSS + Design Tokens | C5: 4 | D5: اتساق المكوّنات | E5: مبني على Bootstrap / React-Bootstrap
A6: الثيمات والهوية | B6: ثيم Indigo + حزمة @openedx/brand + نظام ثيم جديد (مطلوب منذ Ulmo) | C6: 4 | D6: قابلية التخصيص | E6: تخصيص ألوان/شعارات/خطوط
A7: التخصيص دون تعديل النواة | B7: إطار Slots وFrontend Plugin Framework لحقن مكوّنات | C7: 4 | D7: مرونة التوسعة | E7: Sumac فما بعد
A8: دعم العربية وRTL | B8: ترجمات Atlas/Transifex ودعم اتجاه RTL في Paragon | C8: 3 | D8: Unicode / CLDR | E8: يحتاج ضبطاً وثيماً لتحسين RTL
A9: الوضع الليلي Dark Mode | B9: مقترح Design Tokens للجوال (اشتقاق غامق ديناميكي) | C9: 3 | D9: تفضيلات المستخدم | E9: أنضج في تطبيقات الجوال
A10: التجاوب Responsive | B10: تصميم mobile-first عبر Bootstrap + تطبيقات جوال أصلية | C10: 4 | D10: Mobile-Friendly Test | E10: —
A11: الاتساق البصري | B11: اتساق جيد داخل MFEs، وتفاوت مع الصفحات القديمة (يتقلّص) | C11: 3 | D11: مراجعة هيوريستية | E11: الصفحات القديمة تُهجَر تدريجياً
A12: إمكانية الوصول a11y | B12: التزام WCAG 2.2 AA + eslint-plugin-jsx-a11y + VPAT | C12: 4 | D12: WCAG 2.2 AA | E12: فحص آلي + يدوي
A13: هندسة المعلومات والتنقّل | B13: مخطط هرمي واضح (قسم/فرعي/وحدة) + شريط تقدّم وكاروسيل | C13: 4 | D13: مراجعة هيوريستية | E13: —
A14: الأداء وسرعة التحميل | B14: حِزم MFE منفصلة؛ حجمها وتعدّدها تحدٍّ تاريخي | C14: 3 | D14: Core Web Vitals / Lighthouse | E14: Module Federation يخفّف
A15: التدويل i18n | B15: بنية قوية عبر react-intl وAtlas وتغطية لغات واسعة | C15: 4 | D15: تغطية الترجمة | E15: —
A16: التغذية الراجعة وحالات الفراغ | B16: معالجة حالات التحميل/الخطأ/الفراغ متفاوتة بين MFEs | C16: 3 | D16: UX heuristics | E16: —
A17: قابلية الاستخدام الإجمالية | B17: قوة عالية مقابل منحنى تعلّم أعلى للمؤلّف/المشغّل | C17: 3 | D17: SUS | E17: —
A19: متوسط التقييم | C19: =AVERAGE(C5:C17) -> 3.5384615

Sheet تحسين محركات البحث (SEO)
A1: تحسين الظهور في محركات البحث (SEO)
A2: ملاحظة جوهرية: نقطة الضعف الأبرز في Open edX هي SEO بسبب التصيير من العميل (CSR) في الـ MFEs وغياب schema.org من النواة. إصدارات 2026 (صفحات المقرر الجديدة + Catalog MFE) تعالج جزءاً من ذلك.
A4: عنصر SEO | B4: الوضع في Open edX | C4: الحالة | D4: معيار/أداة القياس | E4: التوصية
A5: التصيير من الخادم SSR | B5: الـ MFEs تُصيَّر من العميل (CSR) | C5: ضعيف | D5: Lighthouse SEO | E5: تصيير صفحات التسويق من الخادم أو طبقة منفصلة
A6: صفحات تعريف المقرر | B6: تقليدياً خلف الـ LMS؛ تحسّنت بـ Beautiful Course Pages (Ulmo) | C6: جزئي → جيد | D6: فحص الفهرسة | E6: اعتماد صفحات Ulmo القابلة للتخصيص والثيم
A7: الكتالوج والاكتشاف | B7: Catalog MFE (اختياري منذ Ulmo.1) + course-discovery API | C7: جزئي | D7: تغطية الفهرسة | E7: توليد صفحات كتالوج قابلة للفهرسة
A8: بيانات schema.org (Course/Offer) | B8: غير مدمجة في النواة (مقترحة في Studio) | C8: غائب | D8: Google Rich Results Test | E8: حقن JSON-LD لكل مقرر (Course/CourseInstance/Offer)
A9: OpenGraph / Twitter Cards | B9: جزئي عبر المشاركة الاجتماعية | C9: جزئي | D9: مدقّق المشاركة | E9: ضبط وسوم OG/Twitter لكل صفحة مقرر
A10: خريطة الموقع sitemap.xml | B10: لا تُولَّد تلقائياً لكتالوج المقررات | C10: غائب | D10: Search Console | E10: توليد sitemap ديناميكي للمقررات
A11: robots.txt | B11: موجود لكن غير مُحسَّن للكتالوج افتراضياً | C11: جزئي | D11: Search Console | E11: ضبط للسماح بفهرسة صفحات المقرر
A12: عناوين ووصف الميتا | B12: قابلة للضبط جزئياً (مقترح محرّر في Studio) | C12: جزئي | D12: فحص on-page | E12: حقل title/description مخصّص لكل مقرر
A13: الروابط الأساسية Canonical | B13: غير معيارية عبر الإصدارات/التشغيلات | C13: جزئي | D13: فحص on-page | E13: توحيد canonical على مستوى المقرر
A14: مؤشّرات Core Web Vitals | B14: تتأثّر بحجم حِزم الـ MFE | C14: متوسّط | D14: LCP / INP / CLS | E14: تحسين الحِزم + استخدام CDN
A15: تعدّد اللغات hreflang | B15: لا يوجد وسم hreflang تلقائي | C15: غائب | D15: Search Console | E15: إضافة hreflang للنسخ اللغوية
... A19: أداء الصور | B19: لا تحسين تلقائي افتراضي | C19: متوسّط | D19: Lighthouse | E19: ضغط/WebP + lazy-load

Sheet المعايير العالمية
A1: المعايير العالمية والتوافق — وسائل القياس المرجعية
A2: تجمع معايير التكامل والوصول والخصوصية والجودة وقابلية الاستخدام التي يمكن اتخاذها مقياساً. الالتزام تقديري (1-5)؛ المعايير الخارجية (QM/OSCQR/SUS/Nielsen) أدوات قياس بلا درجة التزام.
A4: المعيار | B4: المجال | C4: وصف موجز | D4: دعم Open edX | E4: الالتزام (1-5) | F4: الجهة/المرجع | G4: ملاحظات
A5: LTI 1.1 | B5: تكامل أدوات | C5: تشغيل أدوات خارجية أساسي | D5: مدعوم بالكامل | E5: 5 | F5: 1EdTech | G5: lti-consumer-xblock
A6: LTI 1.3 + Advantage (DL/AGS/NRPS) | B6: تكامل أدوات | C6: تكامل حديث آمن + روابط عميقة ودرجات | D6: معتمد رسمياً (LTI Advantage Complete في Ulmo) | E6: 5 | F6: 1EdTech | G6: شهادة 1EdTech
A7: SCORM 1.2 / 2004 | B7: تغليف محتوى | C7: تشغيل حزم SCORM وحفظ الحالة | D7: مدعوم عبر XBlock (تثبيت) | E7: 4 | F7: ADL | G7: ليس ضمن النواة
A8: xAPI (Tin Can) | B8: تحليلات التعلّم | C8: أحداث Actor/Verb/Object إلى LRS | D8: مدعوم | E8: 4 | F8: ADL / 1EdTech | G8: event-routing + Ralph
A9: cmi5 | B9: محتوى/تحليلات | C9: ملف تعريف xAPI للحزم | D9: جزئي | E9: 3 | F9: ADL | G9: عبر SCORM Cloud / LRS
A10: IMS Caliper Analytics | B10: تحليلات التعلّم | C10: أحداث Actor/Action/Activity | D10: مدعوم | E10: 4 | F10: 1EdTech | G10: عبر event-routing-backends
A11: QTI | B11: أسئلة تبادلية | C11: صيغة تبادل أسئلة معيارية | D11: غير مدعوم أصلاً | E11: 2 | F11: 1EdTech | G11: يعتمد OLX بدلاً منه
A12: Common Cartridge | B12: تغليف محتوى | C12: حزمة محتوى تبادلية | D12: محدود | E12: 2 | F12: 1EdTech | G12: —
A13: OLX | B13: صيغة محتوى | C13: صيغة Open edX الأصلية للمقررات | D13: أصلي | E13: 5 | F13: Open edX | G13: استيراد/تصدير كامل
A14: WCAG 2.2 AA | B14: إمكانية الوصول | C14: معيار الوصول للويب | D14: ملتزم (Paragon / VPAT) | E14: 4 | F14: W3C | G14: فحص آلي + يدوي
A15: Section 508 / VPAT | B15: إمكانية الوصول | C15: توافق حكومي (أمريكي) | D15: موثّق عبر VPAT | E15: 4 | F15: US Gov | G15: —
A16: GDPR | B16: الخصوصية | C16: حق الحذف/إخفاء الهوية | D16: مدعوم (User Retirement) | E16: 4 | F16: EU | G16: إخفاء هوية لا حذف فعلي
... A22: Open Badges / Verifiable Credentials | B22: الاعتمادات | C22: شارات/شهادات قابلة للتحقّق | D22: جزئي | E22: 3 | F22: 1EdTech / W3C | G22: credentials + إضافات
A23: Quality Matters (QM) Rubric | B23: جودة المقرر | C23: معيار تصميم جودة المقرر | D23: معيار خارجي للقياس | F23: QM | G23: يُطبَّق على تصميم المقرر
A24: OSCQR | B24: جودة المقرر | C24: مسطرة جودة المقرر الإلكتروني | D24: معيار خارجي للقياس | F24: OPEN SUNY | G24: —
A25: System Usability Scale (SUS) | B25: قابلية الاستخدام | C25: مقياس قابلية الاستخدام النظامي | D25: أداة قياس | F25: — | G25: استبيان 10 بنود
A26: Nielsen Heuristics | B26: قابلية الاستخدام | C26: 10 مبادئ هيوريستية للتقييم | D26: أداة قياس | F26: NN/g | G26: —
A27: Unicode / CLDR | B27: التدويل | C27: معيار المحارف واللغات | D27: مدعوم | E27: 5 | F27: Unicode | G27: أساس RTL / i18n

Sheet مصفوفة التقييم المرجعي
A1: مصفوفة التقييم المرجعي الموزون لـ Open edX
A2: تقييم موزون عبر عشرة محاور. الدرجة المرجّحة = الوزن × الدرجة. الدرجة الإجمالية على مقياس 5، والنسبة المئوية منها. الأوزان والدرجات مدخلات قابلة للتعديل.
A4: المحور | B4: الوزن % | C4: الدرجة (1-5) | D4: الدرجة المرجّحة | E4: ملاحظة
A5: الجانب البرمجي/المعماري | B5: 0.15 | C5: 5 | D5: =B5*C5 -> 0.75 | E5: معمارية حديثة قابلة للتوسعة (MFEs + IDAs + XBlocks)
A6: التوافق مع المعايير | B6: 0.13 | C6: 4.5 | D6: =B6*C6 -> 0.585 | E6: LTI Advantage + SCORM + xAPI + Caliper
A7: سهولة الاستخدام (UX) | B7: 0.12 | C7: 3.5 | D7: =B7*C7 -> 0.42 | E7: قوي لكن بمنحنى تعلّم أعلى للمؤلّف/المشغّل
A8: الجماليات والتصميم | B8: 0.1 | C8: 4 | D8: =B8*C8 -> 0.4 | E8: Paragon ناضج واتساق بصري جيد
A9: خيارات التصميم والتخصيص | B9: 0.1 | C9: 4 | D9: =B9*C9 -> 0.4 | E9: Slots + Brand + Design Tokens
A10: إمكانية الوصول (a11y) | B10: 0.1 | C10: 4 | D10: =B10*C10 -> 0.4 | E10: التزام WCAG 2.2 AA + VPAT
A11: SEO | B11: 0.1 | C11: 2.5 | D11: =B11*C11 -> 0.25 | E11: أضعف الجوانب بسبب CSR وغياب schema من النواة
A12: الأمان والخصوصية | B12: 0.08 | C12: 4 | D12: =B12*C12 -> 0.32 | E12: RBAC + GDPR Retirement + SSO
A13: دعم العربية / RTL | B13: 0.07 | C13: 3.5 | D13: =B13*C13 -> 0.245 | E13: مدعوم عبر Atlas وParagon ويحتاج ضبطاً
A14: قابلية التوسّع والتشغيل | B14: 0.05 | C14: 4.5 | D14: =B14*C14 -> 0.225 | E14: Tutor + IDAs + Aspects
A16: إجمالي الأوزان (تحقّق = 100%) | B16: =SUM(B5:B14) -> 1
A17: الدرجة الإجمالية الموزونة (من 5) | D17: =SUM(D5:D14) -> 3.995
A18: النسبة المئوية الإجمالية | D18: =D17/5 -> 0.799
